{  
   "rss":{  
      "$":{  
         "version":"2.0"
      },
      "channel":[  
         {  
            "title":[  
               "Hyprop Investments News Releases"
            ],
            "link":[  
               "http://www.hyprop.co.za/ir-press-office.php"
            ],
            "description":[  
               "Hyprop Investments: Latest Media Releases"
            ],
            "item":[  
               {  
                  "title":[  
                     "HYPROP DEBUTS ON THE JSE'S SRI INDEX"
                  ],
                  "link":[  
                     "http://www.hyprop.co.za/news_article.php?articleID=2526"
                  ],
                  "description":[  
                     "Hyprop Investment Limited has been included for the first time on the JSE&#39;s SRI Index reflecting its commitment to environmental, social and governance practices. As one of 82 companies listed on the SRI in 2014, Hyprop is among the most sustainable companies in South Africa. Today the group marked another milestone in this regard with the launch of a 500kWp solar photovoltaic plant at Hyprop&rsquo;s Clearwater Mall."
                  ],
                  "pubDate":[  
                     "Tue, 02 Dec 2014 00:00:00 +0200"
                  ]
               },
               {  
                  "title":[  
                     "CLEARWATER MALL GOES GREEN WITH SOLAR ENERGY"
                  ],
                  "link":[  
                     "http://www.hyprop.co.za/news_article.php?articleID=2497"
                  ],
                  "description":[  
                     "Energy efficiency at Hyprop&rsquo;s Clearwater Mall  is set to rise  with   the installation of a 500kWp solar  photovoltaic plant (&ldquo;PV&rdquo;)  which went   operational last week."
                  ],
                  "pubDate":[  
                     "Mon, 10 Nov 2014 00:00:00 +0200"
                  ]
               },
               {  
                  "title":[  
                     "Posting of notice of Annual General meeting"
                  ],
                  "link":[  
                     "http://www.hyprop.co.za/news_article.php?articleID=2489"
                  ],
                  "description":[  
                     "Hyprop  dispatched the notice of annual general meeting to shareholders  today, Friday,  24 October 2014.&nbsp; However, due to the ongoing postal  strike, delays are  expected in receiving the notice.&nbsp; Accordingly,  shareholders are  encouraged to view the notice here http://www.hyprop.co.za/reports/ar_2014/pdf/agm-full.pdf or request a copy directly from the company.       Normal   0               false   false   false      EN-ZA   X-NONE   X-NONE                                                                                                                                                                                                                                                                                                                                                                                                                                                                                                                                /* Style Definitions */  table.MsoNormalTable \t{mso-style-name:\"Table Normal\"; \tmso-tstyle-rowband-size:0; \tmso-tstyle-colband-size:0; \tmso-style-noshow:yes; \tmso-style-priority:99; \tmso-style-parent:\"\"; \tmso-padding-alt:0cm 5.4pt 0cm 5.4pt; \tmso-para-margin:0cm; \tmso-para-margin-bottom:.0001pt; \tmso-pagination:widow-orphan; \tfont-size:10.0pt; \tfont-family:\"Times New Roman\",\"serif\";}"
                  ],
                  "pubDate":[  
                     "Fri, 24 Oct 2014 00:00:00 +0200"
                  ]
               },
               {  
                  "title":[  
                     "Hyprop 2014 Integrated report released"
                  ],
                  "link":[  
                     "http://www.hyprop.co.za/news_article.php?articleID=2483"
                  ],
                  "description":[  
                     "The past financial year was a year of opportunity for Hyprop. It was a landmark year in terms of corporate activity and we delivered a strong financial performance. Hyprop&rsquo;s integrated report for the year ended 2014 is available online. Read more about our integrated performance here."
                  ],
                  "pubDate":[  
                     "Tue, 14 Oct 2014 00:00:00 +0200"
                  ]
               },
               {  
                  "title":[  
                     "HYPROP CONCLUDES ROSEBANK MALL REDEVELOPMENT WITH WOOLIES OPENING"
                  ],
                  "link":[  
                     "http://www.hyprop.co.za/news_article.php?articleID=2467"
                  ],
                  "description":[  
                     "Today&rsquo;s opening of Woolworths at Rosebank Mall marks the  conclusion of Hyprop&rsquo;s R930 million redevelopment of the mall.     Normal   0               false   false   false      EN-ZA   X-NONE   X-NONE                                                                                                                                                                                                                                                                                                                                                                                                                                                                                                                                /* Style Definitions */  table.MsoNormalTable \t{mso-style-name:\"Table Normal\"; \tmso-tstyle-rowband-size:0; \tmso-tstyle-colband-size:0; \tmso-style-noshow:yes; \tmso-style-priority:99; \tmso-style-parent:\"\"; \tmso-padding-alt:0cm 5.4pt 0cm 5.4pt; \tmso-para-margin:0cm; \tmso-para-margin-bottom:.0001pt; \tmso-pagination:widow-orphan; \tfont-size:10.0pt; \tfont-family:\"Calibri\",\"sans-serif\";}"
                  ],
                  "pubDate":[  
                     "Thu, 25 Sep 2014 00:00:00 +0200"
                  ]
               },
               {  
                  "title":[  
                     "FIRST FOREVER21 STORE OPENS IN CANAL WALK"
                  ],
                  "link":[  
                     "http://www.hyprop.co.za/news_article.php?articleID=2458"
                  ],
                  "description":[  
                     "Trendy US youth fashion brand, Forever21, will open its first store on  the African continent on Saturday 13 September 2014 in Hyprop&rsquo;s leading  super-regional mall, Canal Walk."
                  ],
                  "pubDate":[  
                     "Sat, 13 Sep 2014 00:00:00 +0200"
                  ]
               },
               {  
                  "title":[  
                     "HYPROP EXCEEDS GUIDANCE WITH CONTINUED SOLID DISTRIBUTION GROWTH"
                  ],
                  "link":[  
                     "http://www.hyprop.co.za/news_article.php?articleID=2444"
                  ],
                  "description":[  
                     "Hyprop Investments Limited (&quot;Hyprop&quot;) (JSE: HYP) today announced a distribution of 472 cents per combined unit for the year to June 2014 (&quot;the year&quot;), up 11,3% on FY2013 and ahead of guidance previously provided by the company."
                  ],
                  "pubDate":[  
                     "Fri, 29 Aug 2014 00:00:00 +0200"
                  ]
               },
               {  
                  "title":[  
                     "HYPROP & ATTACQ ADVANCE AFRICAN STRATEGY WITH AFRICAN LAND RESTRUCTURE"
                  ],
                  "link":[  
                     "http://www.hyprop.co.za/news_article.php?articleID=2412"
                  ],
                  "description":[  
                     "Hyprop today announced that together with Attacq Limited (&quot;Attacq&quot;) they have restructured their investment in African Land Investments (&quot;African Land&quot;), whereby Hyprop, through its wholly-owned subsidiary, Hyprop Mauritius, will hold 50% in Manda Hill, African Land&#39;s only asset. Atterbury Africa, a joint venture between Hyprop, Attacq and the Atterbury Group, will hold the balance.&nbsp; Hyprop originally acquired 87% of African Land for R768 million and Attacq 12.4% for R110 million in December 2013. Read more on the restructure as well as an update on the African portfolio.&nbsp;"
                  ],
                  "pubDate":[  
                     "Thu, 17 Jul 2014 00:00:00 +0200"
                  ]
               },
               {  
                  "title":[  
                     "HYDE PARK CORNER INTRODUCES EXCLUSIVE GLOBAL BRANDS"
                  ],
                  "link":[  
                     "http://www.hyprop.co.za/news_article.php?articleID=2409"
                  ],
                  "description":[  
                     "Hyprop&#39;s Hyde Park Corner is set to welcome a number of leading international brands in November 2014, including preeminent fashion brands which have chosen to launch their South African presence in the Johannesburg-based centre. These include high-end Italian couture house Versace (129m2), French leather goods and accessories group Longchamp (108m2) and country living inspired UK fashion label Jigsaw (135m2)."
                  ],
                  "pubDate":[  
                     "Tue, 17 Jun 2014 00:00:00 +0200"
                  ]
               },
               {  
                  "title":[  
                     "HYPROP SCOOPS IAS REPORTING AWARD"
                  ],
                  "link":[  
                     "http://www.hyprop.co.za/news_article.php?articleID=2400"
                  ],
                  "description":[  
                     "As announced last night, Hyprop has been awarded the Investment Analysts Society (IAS) award for &#39;Best Presentation to the Society in 2013/2014 &ndash; companies with market capitalisation between R5-R30 billion&#39;."
                  ],
                  "pubDate":[  
                     "Fri, 13 Jun 2014 00:00:00 +0200"
                  ]
               },
               {  
                  "title":[  
                     "HYPROP ACQUIRES 87% IN AFRICAN LAND  INVESTMENTS"
                  ],
                  "link":[  
                     "http://www.hyprop.co.za/news_article.php?articleID=2336"
                  ],
                  "description":[  
                     "Johannesburg, 27 November 2013: Hyprop Investments Limited (&quot;Hyprop&quot;) today announced that it reached agreement with African Land&nbsp;Investments &nbsp;(&quot;African Land&quot;) to acquire&nbsp;87%&nbsp;&nbsp;of the&nbsp;issued shares in African Land&nbsp;for a consideration of R768 million. &nbsp;Attacq Limited (&quot;Attacq&quot;) will acquire 12.4% of the issued shares for a consideration of R110 million. Kevin&nbsp;Teeroovengadum, the CEO of African&nbsp;Land,&nbsp;will own&nbsp;500,000 shares. &nbsp;As a result, African Land will not proceed with its proposed listing on the JSE or LuSE."
                  ],
                  "pubDate":[  
                     "Wed, 27 Nov 2013 00:00:00 +0200"
                  ]
               },
               {  
                  "title":[  
                     "NOTICE OF combined ANNUAL GENERAL MEETING OF SHAREHOLDERS AND DEBENTURE HOLDERS"
                  ],
                  "link":[  
                     "http://www.hyprop.co.za/news_article.php?articleID=2337"
                  ],
                  "description":[  
                     ""
                  ],
                  "pubDate":[  
                     "Tue, 05 Nov 2013 00:00:00 +0200"
                  ]
               },
               {  
                  "title":[  
                     "NOTICE OF combined ANNUAL GENERAL MEETING OF SHAREHOLDERS AND DEBENTURE HOLDERS"
                  ],
                  "link":[  
                     "http://www.hyprop.co.za/news_article.php?articleID=2338"
                  ],
                  "description":[  
                     ""
                  ],
                  "pubDate":[  
                     "Tue, 05 Nov 2013 00:00:00 +0200"
                  ]
               },
               {  
                  "title":[  
                     "HYPROP SUCCESSFULLY ISSUES R450 MILLION UNSECURED 6-YEAR BOND"
                  ],
                  "link":[  
                     "http://www.hyprop.co.za/news_article.php?articleID=2339"
                  ],
                  "description":[  
                     "Hyprop is excited to announce the opening of several leading international brands across its portfolio."
                  ],
                  "pubDate":[  
                     "Thu, 31 Oct 2013 00:00:00 +0200"
                  ]
               },
               {  
                  "title":[  
                     "LEADING INTERNATIONAL BRANDS FOR HYPROP"
                  ],
                  "link":[  
                     "http://www.hyprop.co.za/news_article.php?articleID=2340"
                  ],
                  "description":[  
                     "Hyprop is excited to announce the opening of several leading international brands across its portfolio."
                  ],
                  "pubDate":[  
                     "Fri, 04 Oct 2013 00:00:00 +0200"
                  ]
               },
               {  
                  "title":[  
                     "HYPROP POSTS STRONG DISTRIBUTION GROWTH FOR THE SIX MONTHS TO JUNE 2013"
                  ],
                  "link":[  
                     "http://www.hyprop.co.za/news_article.php?articleID=2341"
                  ],
                  "description":[  
                     "Hyprop posts strong distribution growth for the six months to June 2013  HIGHLIGHTS    Acquisition  of Somerset Mall approved   Redevelopment  of Rosebank Mall on track    First  dividend from Atterbury Africa   Conversion  to a REIT  JOHANNESBURG.&nbsp; 29  August 2013, Hyprop Investments Limited (&ldquo;Hyprop&rdquo;) (JSE: HYP) today announced a  strong set of results with distributions up 7,6% to 213 cents a unit.&nbsp; The performance was underpinned by positive  rental growth, reduction in interest costs and improved operating efficiencies."
                  ],
                  "pubDate":[  
                     "Thu, 29 Aug 2013 00:00:00 +0200"
                  ]
               },
               {  
                  "title":[  
                     "HYPROP YEAR-END TO CHANGE TO JUNE"
                  ],
                  "link":[  
                     "http://www.hyprop.co.za/news_article.php?articleID=2406"
                  ],
                  "description":[  
                     "In order to facilitate Hyprop&#39;s conversion to a Real Estate Investment Trust (REIT), Hyprop&#39;s financial year-end will change from 31 December to 30 June, effective 30 June 2013."
                  ],
                  "pubDate":[  
                     "Mon, 13 May 2013 00:00:00 +0200"
                  ]
               },
               {  
                  "title":[  
                     "PRESS STATEMENT: ROSEBANK SUNDAY ROOFTOP MARKET RELOCATION"
                  ],
                  "link":[  
                     "http://www.hyprop.co.za/news_article.php?articleID=2342"
                  ],
                  "description":[  
                     "Hyprop has been and remains involved in litigation with B&amp;B Market Rooftops (Pty) Ltd (&ldquo;B&amp;B&rdquo;) regarding the relocation of the Sunday Rooftop Market at Rosebank Mall (&ldquo;the Mall&rdquo;).&nbsp; As a result, Hyprop has previously elected not to publicise certain material facts surrounding this matter.&nbsp; However, recent public misrepresentations have necessitated a response with factual clarification set out below:"
                  ],
                  "pubDate":[  
                     "Tue, 07 May 2013 00:00:00 +0200"
                  ]
               },
               {  
                  "title":[  
                     "HYPROP REDUCES FUNDING COSTS WITH RESTRUCTURED DEBT"
                  ],
                  "link":[  
                     "http://www.hyprop.co.za/news_article.php?articleID=2345"
                  ],
                  "description":[  
                     "Hyprop today announced a  favourable restructuring of its debt facilities, with the conversion of  R648 million in conventional bank loans into debt capital market (&ldquo;DCM&rdquo;)  funding."
                  ],
                  "pubDate":[  
                     "Tue, 30 Apr 2013 00:00:00 +0200"
                  ]
               },
               {  
                  "title":[  
                     "HYPROP REDUCES FUNDING COSTS WITH RESTRUCTURED DEBT"
                  ],
                  "link":[  
                     "http://www.hyprop.co.za/news_article.php?articleID=2407"
                  ],
                  "description":[  
                     "Hyprop today announced a favourable restructuring of its debt facilities, with the conversion of R648 million in conventional bank loans into debt capital market (&ldquo;DCM&rdquo;) funding."
                  ],
                  "pubDate":[  
                     "Tue, 30 Apr 2013 00:00:00 +0200"
                  ]
               },
               {  
                  "title":[  
                     "HYPROP EXITS SYCOM WITH R2,3 BILLION ACQUISITION OF SOMERSET MALL"
                  ],
                  "link":[  
                     "http://www.hyprop.co.za/news_article.php?articleID=2346"
                  ],
                  "description":[  
                     "Leading  JSE shopping centre fund, Hyprop today announced its R2,3 billion acquisition  of Somerset Mall from Sycom Property Fund (&ldquo;Sycom&rdquo;), in line with strategy to  invest in sizeable quality shopping centres.The purchase consideration is being  settled by the transfer of 81 500 000 Sycom units to Sycom, which will clear  the way for Hyprop to exit its investment in Sycom."
                  ],
                  "pubDate":[  
                     "Thu, 28 Mar 2013 00:00:00 +0200"
                  ]
               },
               {  
                  "title":[  
                     "HYPROPï¿½S DISTRIBUTION GROWTH CONTINUES"
                  ],
                  "link":[  
                     "http://www.hyprop.co.za/news_article.php?articleID=2347"
                  ],
                  "description":[  
                     "Leading JSE  shopping centre fund, &nbsp;Hyprop, reported distributions  up 6,8% to 409 cents a unit for the year to December 2012, buoyed by positive  rental growth &nbsp;and increased trading  density particularly at its large shopping centres. Total return to unitholders  was 44,8% supported by a 37% growth in market capitalisation to R17,7 billion. During  the year Hyprop successfully launched its investment into Africa and kicked-off  the R920 million redevelopment of Rosebank Mall."
                  ],
                  "pubDate":[  
                     "Thu, 28 Feb 2013 00:00:00 +0200"
                  ]
               },
               {  
                  "title":[  
                     "CANAL WALK OUTPERFORMS SA'S SUPER-REGIONAL SHOPPING CENTRE BENCHMARKS"
                  ],
                  "link":[  
                     "http://www.hyprop.co.za/news_article.php?articleID=2348"
                  ],
                  "description":[  
                     "Canal Walk shopping centre  remains one of the most sought-after business locations &ndash; for both retail and  offices - in South Africa."
                  ],
                  "pubDate":[  
                     "Fri, 30 Nov 2012 00:00:00 +0200"
                  ]
               },
               {  
                  "title":[  
                     "DEBT CAPITAL MARKET - PROGRAMME MEMORANDUM"
                  ],
                  "link":[  
                     "http://www.hyprop.co.za/news_article.php?articleID=2350"
                  ],
                  "description":[  
                     ""
                  ],
                  "pubDate":[  
                     "Wed, 20 Jun 2012 00:00:00 +0200"
                  ]
               },
               {  
                  "title":[  
                     "ENLARGED HYPROP CONTINUES SUSTAINABLE DISTRIBUTION GROWTH"
                  ],
                  "link":[  
                     "http://www.hyprop.co.za/news_article.php?articleID=2351"
                  ],
                  "description":[  
                     "Premier  listed shopping centre fundHyprop boosted total distribution by  7,3% to 383 cents for the year ended 31 December 2011 with distribution growth  for the second half of the year up 10,4%. The Attfund Retail acquisition,  effective 1 September 2011, saw the portfolio increase by 76%in total assets to  R20,2 billion with market capitalisation up 37% to R12,9 billion.&nbsp;"
                  ],
                  "pubDate":[  
                     "Wed, 29 Feb 2012 00:00:00 +0200"
                  ]
               },
               {  
                  "title":[  
                     "HIGH QUALITY PORTFOLIO BOOSTS HYPROP'S GROWTH"
                  ],
                  "link":[  
                     "http://www.hyprop.co.za/news_article.php?articleID=2354"
                  ],
                  "description":[  
                     "Hyprophas posted  commendable resultsfor the six months to June 2011withdistributions for the  interim periodup4% to 181 cents per unit and a 9,7% rise in net income from  shopping centres.Hyprop is soon to become entrenched as South Africa&rsquo;s premier listed  shopping centre fund when it acquires Attfund Retail on 1 September.The  R9 billion acquisition is set to almost doubleHyprop&rsquo;s asset base to aroundR20  billion and boost market capitalisation to just under R14 billion."
                  ],
                  "pubDate":[  
                     "Wed, 24 Aug 2011 00:00:00 +0200"
                  ]
               },
               {  
                  "title":[  
                     "DISPOSAL OF CENTURION MALL FOR R750 MILLION"
                  ],
                  "link":[  
                     "http://www.hyprop.co.za/news_article.php?articleID=2355"
                  ],
                  "description":[  
                     "Hyprop today announced the disposal to Fountainhead Property Trust  of Attfund Retail&#39;s 25% undivided share in Centurion Mall for R751,5 million. Fountainhead currently owns the remaining 75% undivided share in Centurion  Mall."
                  ],
                  "pubDate":[  
                     "Thu, 28 Jul 2011 00:00:00 +0200"
                  ]
               },
               {  
                  "title":[  
                     "THE GRACE CLOSURE"
                  ],
                  "link":[  
                     "http://www.hyprop.co.za/news_article.php?articleID=2356"
                  ],
                  "description":[  
                     "Hyprop regretfully announces the termination of its lease agreement with The Grace Hotel (Pty) Ltd and the closure of The Grace Hotel, situated at 54 Bath Avenue Rosebank, as operated by African Sun Hotels."
                  ],
                  "pubDate":[  
                     "Wed, 27 Jul 2011 00:00:00 +0200"
                  ]
               },
               {  
                  "title":[  
                     "AUDITED RESULTS FOR THE YEAR ENDED 31 DECEMBER 2010"
                  ],
                  "link":[  
                     "http://www.hyprop.co.za/news_article.php?articleID=2357"
                  ],
                  "description":[  
                     "Delivering a total return on investment of 32% and a distribution of 357 cents per combined unit, Hyprop maintained its performance for the year ended 31 December 2010 despite challenging retail conditions. At the end of the year Hyprop announced the proposed acquisition of Attfund Retail, which is set to create SA&rsquo;s premier retail fund and almost double Hyprop&rsquo;s asset base to around R20 billion from R11,5 billion at year-end."
                  ],
                  "pubDate":[  
                     "Wed, 02 Mar 2011 00:00:00 +0200"
                  ]
               },
               {  
                  "title":[  
                     "HYPROP APPOINTS PIETER PRINSLOO AS CEO"
                  ],
                  "link":[  
                     "http://www.hyprop.co.za/news_article.php?articleID=2358"
                  ],
                  "description":[  
                     "Leading retail property fund Hyprop Investments today announced the imminent appointment of Pieter Prinsloo as CEO. Prinsloo is a former CEO of Hyprop who resigned in 2009 to take up a position as managing director of a private property development company. This follows the announcement on Tuesday last week of Mike Rodel&rsquo;s resignation from the Board. Prinsloo&rsquo;s appointment is effective 1 May 2011."
                  ],
                  "pubDate":[  
                     "Wed, 02 Mar 2011 00:00:00 +0200"
                  ]
               }
            ]
         }
      ]
   }
}